-1.000000000000000000e+00,-4.115635041066474820e+00,3.449425323178130220e+00,2.292723054898493817e+00,4.223595803727256737e+00,-1.461616901831088455e+01,-1.163416839802067004e+00,-9.235038189917635920e-01,6.045418019953521238e-01,-2.329285328945307043e+00,7.085119698075610373e-01,-1.104332711544919299e+00,3.006662156178303569e-01,6.861028244644220564e-01,1.826567478816343293e+00,3.686666123651911597e+00,7.543260694183548942e-01,-2.639277360963142360e+00,2.985843569812717924e+00,-5.185568016226545396e+00,2.486537847594614270e-01,-6.891169356148332259e-01,6.899543280718213323e-01,3.671730729089578205e+00,-3.975991235519023448e+00,-7.492198974009261825e+00,-9.083327898355170404e+00,-4.281235170985264737e-01,1.760711343988062172e+00,7.270735350462234070e-01,-1.367444445637452155e+00,7.592759758051523811e-01,-5.963320999965611158e-01,-1.436321711311068006e+00,6.188501575422189482e+00,1.900139360848324133e+00,-1.481027071569728903e+00,-5.455615659596326772e-01,4.268158231634991751e+00,3.089975301674651398e+00,6.564740014157383285e+00
-1.000000000000000000e+00,3.321220353775900413e+00,6.161188801411598526e+00,4.241108969301858322e-01,1.716093391515363109e-01,8.484255958353660532e+00,-9.160525449831622424e-01,-2.794305900490517414e-01,1.426655192348330825e+00,-1.370748834932768112e+00,-2.916306424160109323e+00,-1.325592093856084119e+00,3.493665566382711418e+00,-5.681654347954742335e+00,2.319188678829403827e+00,2.354781567228814598e+00,-7.298979838744226178e-01,-4.593546003713041337e+00,9.268179604383474768e+00,-7.836860740935039260e+00,-5.595074963616340824e+00,4.556005327770658031e-01,-1.271604920084606238e+00,7.649101120282801425e+00,3.937086245518627070e+00,1.166505801674829090e+00,-5.849705786288700970e+00,1.380041359593885630e+00,-9.905853255517718114e-01,5.802701528625893168e-01,-2.006886597753001489e+00,1.402737985085476424e+00,-4.277195607214983042e+00,-1.283840440837466790e-01,1.221454353906576173e+01,-3.136297774190439647e+00,5.798015301668493077e-02,-2.506438015430235478e+00,2.896326894479077652e+00,-8.779056059818914903e+00,5.413680414082378434e+00
-1.000000000000000000e+00,-2.745330816748235314e+00,-1.351607744158755287e+00,-1.727728595163816161e+00,5.086396389792806616e+00,-1.478679542221377297e+01,4.479862126272159961e-01,6.115255825482469598e-01,-2.155104088635495962e+00,3.289608172804634467e-01,2.363658508855963625e-01,-3.033595445160080395e+00,-2.149884881072341880e+00,2.022243962710900789e+00,2.917394438016127634e-01,2.540852674641289610e+00,-6.565671218859781888e+00,1.281090909918159326e+00,2.588798003061981934e+00,-1.285293487689298075e+00,-5.063236308901313265e-01,2.695244478296432988e-01,-1.116834234810863968e-01,1.148243397913747632e+00,-5.667799198248998138e+00,-3.133816129744865009e+00,-4.445974097111612622e+00,-3.515429371071496334e+00,4.263571442960831348e+00,-7.250692123747697337e-01,-1.087881039932392602e+00,-2.716310372630952763e+00,2.635606347285027518e+00,2.115007222706339826e-02,7.349685716429655180e+00,5.487345117944633976e+00,-7.235946803651363002e-01,-3.320107379436654682e+00,3.412265232674989157e+00,-8.418035046760452556e-01,3.092948202391371026e+00
-1.000000000000000000e+00,-8.061229046326956471e-01,-3.866943811164813560e-01,1.482804624007977967e+00,-1.978303613163301611e+00,1.026335315027110973e+01,-9.692512343494454896e-01,-5.315815292272124681e-01,1.900768637495127589e+00,-1.892007578018507274e+00,-6.333787260170553601e-02,6.513078404572052449e-01,2.720091203770118593e+00,-1.686715273888755640e+00,7.873842931248513644e-01,-3.091456315879927530e+00,2.835496550691237072e+00,-3.619462977143344418e+00,4.783708315930331523e+00,-2.790822822119220170e+00,-1.217345512947441977e+00,-9.748280689941620780e-01,-6.128644976331528715e-01,6.395069012115277118e+00,2.464366041177218580e+00,3.397743869046914611e+00,-1.449911061772515275e+00,-9.683437479158705230e-01,-2.822613570446188103e+00,-3.418661827653530771e-01,-6.851978080027141260e-01,-6.674025517735703295e-01,5.503910809843893581e+00,1.531415263253546877e-01,1.096665021961889686e+01,-6.368337950591037355e+00,-7.004046132132842883e-01,2.441896108720285952e+00,6.198057267922393976e+00,-3.633103311828542736e+00,8.824299460766851233e-01
1.000000000000000000e+00,2.680399821964358775e+00,2.495843419731924584e+00,4.615146631718896053e-01,1.631163929275672775e+00,6.740893866626533892e-01,3.118241347293264631e-01,-5.344313585374037556e-01,-4.696974418752629887e+00,-2.140858509974235435e+00,1.681310451167214115e+00,-2.571461173411959678e+00,7.372925820146589260e+00,-3.920164868811628622e+00,-5.948917474094058022e+00,-4.366479439918416361e+00,1.291463758873163670e-01,-7.437264992743348735e-01,4.253387932002486771e+00,6.983478035200096912e-02,-2.841619170247954074e+00,-4.428492589455006456e-01,-1.569748986428830317e+00,-4.174040491598492331e+00,5.325569374629895769e+00,-5.855494151357177657e+00,4.464744526315111983e+00,-4.661012009263312272e-01,-3.668733716919210686e+00,-3.204742280187439896e+00,-3.003965220926808399e+00,-1.815281848605850845e+00,3.984906027194162093e+00,-2.494810074767148458e-02,1.400598448829800979e+01,-1.002513907350798483e+00,1.301972215610923966e-01,-4.493867267719319436e+00,4.585032730527690781e+00,-2.894276421195840499e+00,1.169037436034122024e+00
1.000000000000000000e+00,3.394100178764288600e+00,3.229368386525924173e+00,-2.044173712000476151e+00,-5.561081287577758214e-01,1.098371290579840753e+01,1.636149834569083472e+00,-4.047529308898223377e-01,-3.492989858343895193e+00,-1.629432804867112505e+00,-1.635351731656472296e+00,3.905305896793120013e+00,2.512791881309116349e+00,-1.649253690956168139e+00,3.520347286571119838e+00,1.548325666315859550e-01,1.048899687967292493e+00,1.269736201254932695e+00,-5.774163535525416169e-01,4.172555519598831530e+00,-2.991693885072441272e+00,7.771653189056382249e-01,-6.592927711664432477e-01,8.872349641194830383e+00,-3.915337322723391189e-01,-1.459045363893809011e+00,2.031339074769176634e+00,-5.373936724170480517e+00,3.194861312944242471e+00,1.098583487706486839e+00,2.391412456147878451e+00,4.249237146211968796e-01,1.855682803296179184e-01,-4.389790044751843423e-01,-1.845673120888732477e+00,-5.413712086571388582e+00,5.362442070650934589e-01,-5.245400069964045286e+00,2.207782478147068517e+00,2.728433305999453662e+00,-4.387522023586811315e+00
-1.000000000000000000e+00,8.911951201280832180e-01,-5.928083148956744708e+00,1.447773525182718846e+00,7.027328636332694778e+00,-5.129842369055587170e+01,2.006668172866628019e+00,5.502330785928745138e-01,-2.829965535395097209e+00,5.587132484297175239e+00,-2.646874638792185763e+00,-2.291036010153946201e+00,-8.169353777001155947e+00,1.001706024633108072e+01,-3.274096806454646291e+00,3.513011403632792184e+00,1.508949303709969936e+00,-7.270797546623202656e+00,6.742710688552607579e+00,1.425787977031571341e+00,5.318350673032131937e+00,6.280770242038503925e-02,8.281226815724707091e-01,-2.635476115681272269e-01,-4.752274520134018854e-01,-1.626146748891893035e+00,6.571118056717589084e+00,9.529306279461877693e+00,2.748047098552935275e+00,8.569084866241207799e-01,-2.593743008668154992e+00,-6.223718852765748252e-03,3.917089217274112301e-01,2.089698336250613409e+00,-6.628114281614130299e+00,3.707868635647086464e+00,-1.963808465088018318e+00,7.758266699947216072e-01,-5.177419537357672574e-01,-6.482151327289414233e+00,1.247675242986887412e+01
1.000000000000000000e+00,-1.190466970703327476e+01,3.449306636435047313e+00,2.388845344001457316e-01,-3.040894812175073625e+00,-1.192341081366872046e+01,1.639685560467104342e+00,1.239832471397730451e+00,-1.176189192994797406e+00,-2.751096645299587973e+00,-1.782851473318397106e+00,2.371771218373471601e+00,-1.528272969142617344e+00,-3.169908823855838165e+00,2.468527597142199159e+00,-5.818807833007714869e+00,5.121881809410893993e+00,-3.979851448803032987e+00,-1.983775293364823389e+00,6.319160040423281721e+00,3.943306701994365504e+00,9.169468354199804550e-01,7.115123682717259257e-01,-2.559109924911370904e+00,-2.552520982676091066e+00,-5.225549528324796356e+00,-4.678985944240267258e+00,-1.694846156908189405e+00,-1.376124691994944360e+00,-2.623673555856440132e+00,-3.551589185667284099e+00,3.005468446105705738e-01,4.931085567207373899e+00,-1.149263314778230738e+00,9.566059280289342936e+00,-3.148495010555047102e+00,-1.816346434124445519e+00,3.447395331430830545e+00,-2.934427503549671634e+00,-4.368028210472094663e-01,-7.089123576512516678e+00
1.000000000000000000e+00,5.088188467338690124e+00,1.732978127646970457e+00,-2.913236925342188033e-01,1.751018751364610715e+00,1.083130367599258115e+01,4.608125148564486961e-01,-6.970182641730412465e-01,-7.652000557023197480e-02,-6.793407606730365700e+00,2.656795743799392984e+00,1.545367180615009994e+00,3.076713821656086090e+00,-1.872298664109074195e+00,-5.694569815447678707e-01,-5.807264878453038293e+00,-6.819094935733545082e-01,4.661272480633785520e+00,3.145172793944785994e+00,5.240686901297201494e+00,6.297613076260667242e+00,1.765363365630465475e+00,6.162117532128164044e-01,2.375598289115883333e+00,1.099910486362108131e+01,-1.063830761149036297e+00,-1.373390285100080543e+00,3.592781617644133618e+00,-9.151176710463746478e-01,1.927876967065553560e+00,-2.193880096439805971e+00,-1.188541685219733912e+00,1.859715854996932594e+00,7.000334465005166040e-02,1.520344062680210051e+01,2.263627940562684238e+00,3.676337223115143660e-01,-4.278548667139997264e+00,9.885806852178480320e-01,1.207212545778216128e+00,6.018349837501051347e+00
1.000000000000000000e+00,4.467889400326191307e+00,-2.717003185889234729e+00,5.170835011874592713e-01,3.907297466755573989e+00,-1.149619541340822515e+01,7.002883264156504195e-01,-9.875661682701587507e-01,-6.784475848746320814e-01,-4.412861356497212562e+00,3.130543737088031797e+00,-2.809447320891931277e+00,1.545436967274855355e+00,-9.660987263746498854e-01,-6.709479839509310040e+00,-3.718690921760413381e+00,1.205838036065714824e+00,-4.328690371672654358e-01,3.598298816780078901e+00,-6.360399003914467997e+00,1.409848061839570565e+00,-1.639131093571671194e+00,9.849537162954873359e-01,4.617654061326136095e+00,-2.141837502241542346e+00,-5.609546430057473110e+00,5.329761378592191789e+00,4.436326265645033295e+00,-7.120234320807816708e-01,1.945184798455281028e+00,1.453561039101662899e-01,-5.115636147656867916e-01,6.208513578125193888e+00,-1.693662397474758330e-01,1.626880395881929786e+01,4.047515459185446751e-01,2.552317988167662755e-01,-3.845865374907924572e+00,7.297531631185842471e+00,2.895991640336563755e+00,-4.169139669799023729e+00
-1.000000000000000000e+00,3.673174691701658112e+00,3.974209394998208467e+00,1.043006897206852690e+00,1.827187133959802701e+00,-1.037984726007233904e+00,8.750796093321945301e-01,-8.590496202823121319e-01,-2.382411684572460775e+00,2.458487149683469930e+00,-7.635782120792618421e+00,-7.424992284106699536e+00,2.151914810454047089e+00,-6.814356755918276498e+00,-1.200824812188529211e+00,4.377487624909468522e+00,8.056997120221659259e+00,-4.057107314426346534e+00,-2.340874922111832568e+00,2.856197305955805010e+00,-5.585901899114338320e+00,-4.197501515430935304e-01,-1.840123608481199380e+00,2.042918717151342101e+00,2.196486530362943501e+00,-5.438124801580944911e+00,-3.919973806005026873e+00,-5.430690067258264975e+00,-3.787671889125846292e+00,1.008244044326584099e+00,3.232173840062852133e+00,-1.729146750101404340e-01,-1.454396991650972915e+00,1.409293427507832375e+00,2.378478072321934256e-01,1.123772670064706158e+00,1.968994562904799128e+00,-3.640581727756234010e+00,-1.092607107625198637e-02,-3.628003213666600058e+00,4.196755035010560242e+00
-1.000000000000000000e+00,-4.867333313364214931e+00,-2.434586893219883308e-01,-1.273693889069844598e-01,-5.643603450975831493e+00,-1.569825691700779657e+01,-1.265083864483154574e+00,8.601964239630902620e-01,-7.340610725768190292e+00,3.045984377953427913e-01,4.428232165142301113e+00,-1.024210363805222457e-01,3.656383911221668725e+00,2.255197863271229508e+00,1.397537703586779756e+00,-7.220961345959942435e+00,-1.124984354682093368e+01,4.299561936389894257e+00,1.531584959230176013e+00,-5.846449680380456648e+00,2.802006995242310339e+00,3.686341468694735446e-01,1.790698370993622224e-01,1.055351730736980009e+01,-3.990739631902507245e+00,-6.527856316698847472e+00,3.185330519318840814e-02,-5.617467170840141577e+00,4.176440901361633262e-01,-4.097181197659280905e-01,-5.551343751153335226e+00,1.151892672317651328e-01,2.452164811963634339e+00,-5.737060692897775344e-02,1.266355924384540721e+01,4.939254287160123269e+00,4.796908482837696774e-01,-1.633750355648913466e+00,-2.565776566263430425e+00,-1.111002285294821590e+00,-3.113123064484962121e+00
1.000000000000000000e+00,5.129820185842421054e+00,-3.716438904611246485e+00,3.121542319425119061e-01,6.122583076161125071e+00,-5.776174396761542873e+00,2.211549946897977570e+00,5.582231076437789152e-01,1.132869010133931820e+00,-5.953754581500586340e+00,2.770597845866898279e+00,-8.375180663461891939e-01,-3.606576647758974907e+00,8.199170804944859725e-01,4.890668127347002070e-01,1.134308252636478276e+00,4.173804645176347528e+00,3.562204165692530289e+00,1.759049289465424160e+00,5.937621359977159230e+00,7.425759293220434820e+00,-1.388918096594848883e-01,-2.111807924311824292e-01,-2.075877121290621297e-01,6.976851714235383639e+00,5.551094329114927284e-01,-2.129324093207983992e+00,1.107695591619195952e+00,-5.306259511764901404e+00,3.177983143055501003e+00,1.417042736897759614e+00,-7.563379936483802801e-01,-4.720601745464642285e+00,-6.782577499951015776e-01,-1.077775666661081466e+01,-4.314464831279954282e+00,-8.771073194271092888e-01,3.703066799479537430e-01,1.652034561054134265e+00,-6.601506868215928137e+00,-1.109965729056556327e+00
-1.000000000000000000e+00,-3.128414422774213222e+00,-2.871744861286117168e+00,-6.512728400635565684e-01,1.962984423787324628e+00,-6.946641270686352065e+00,-2.019144193275958787e-01,2.914070747863297881e-02,-3.720965587061955127e+00,7.498925155795994613e+00,-4.672076832688975223e+00,8.395769922235780669e-01,-4.142853624652124367e+00,-1.066984809117514921e-01,3.304002228588354129e+00,4.039436658814462788e+00,1.697288093468611869e-01,-2.115362212607338144e+00,1.390847965539531828e+00,-2.351131704004808753e+00,3.329855326722602982e+00,-1.039966070908661555e+00,1.163037085445397301e+00,1.919861026856830133e+00,1.294001531132304983e-01,1.158205042075088897e-03,-3.890603772363186330e+00,4.594760436582737029e+00,3.555210264281805088e+00,-7.231154111403532703e-01,1.835022294160551848e+00,6.574218949578736204e-01,-2.290917220446688773e+00,1.805291027576898966e+00,-2.671862675887946459e+00,-9.411949717128234028e-01,7.852300473352991084e-02,4.177503431104029552e+00,2.243272185694659360e+00,-3.648525749030498755e+00,-4.633668975725897532e-01
-1.000000000000000000e+00,1.117524855364622871e+00,1.253744159534624814e+00,1.791446199797391614e+00,1.698383921433641142e+00,5.995346878473239993e-01,-5.373246964328552977e-01,-3.140797993253974796e-01,-6.236167031161981011e-01,4.246928353316046234e-01,-5.538226346776681019e+00,-3.542981999420852901e+00,1.787746401347108938e+00,-5.430127535770951752e+00,-1.540224607241546417e+00,2.415690371221462129e+00,2.527540241297273838e+00,-7.519095980356886422e+00,-4.602737465083750479e-02,1.378896202761918044e+00,-6.699121422343021770e+00,1.022333445201618618e+00,-7.500744623601868222e-01,1.456054804260023205e+00,-4.270483613096605069e-01,-4.329480143930211078e+00,-4.279180279156111766e+00,-3.174646173754529954e+00,3.256805687616881606e-01,3.460736062242723232e+00,4.467274361019342166e-01,-1.552984910101311344e+00,1.425332282907953330e+00,-9.651602017893544661e-01,2.662797744018020385e+00,-1.675423513667381181e+00,-2.000800363874848387e+00,-2.855865231130349180e+00,2.025917381681869411e+00,2.221199287741261408e+00,5.833869336470106859e+00
-1.000000000000000000e+00,1.217773537260752548e+00,2.990779127291603778e+00,-5.604563771507241610e-01,6.649009820229729861e-01,-9.508749719725583915e+00,-7.735863361612925759e-01,1.364819586742621604e+00,-4.452609633914603293e+00,5.556959119325978413e+00,-1.753225172146608557e+00,8.978622213869691393e-02,-1.794306359845836640e+00,3.201380876340198522e+00,6.314611220325996310e-01,-4.668330569415043207e+00,-2.003923425937049529e+00,4.744295025801370969e+00,7.214876632267277046e+00,-3.836699508095935407e+00,1.258392099513842899e+00,-1.357759979997612110e+00,8.274368051746866515e-01,8.143498576824727664e+00,-1.834610081882184440e+00,-3.729830227054717895e+00,-1.917288820629458712e+00,1.708290165472454269e+00,4.839005608922773760e+00,1.505810527471712845e+00,-2.875860948679012097e+00,9.147531874529986062e-01,4.750116308552621902e+00,9.818664418358238333e-01,8.841919326518905109e+00,3.699360101712039217e+00,5.256159906114347136e-01,-4.469474709705116844e-01,5.632098034523671526e-01,1.614311249790226110e+00,-3.161751862353367137e+00
1.000000000000000000e+00,5.076630401106729806e+00,-2.748223354905663385e-01,1.831373455507391057e+00,5.123185215621448574e-01,9.325240689422372498e+00,-7.101867117258701123e-01,-3.494482288753495425e-01,1.544808839481901508e-01,-1.464607792800951547e+00,3.784568104681043987e+00,3.750105654014316503e+00,2.888075629764742303e+00,-1.479491171532251848e+00,-2.160310276884610747e+00,-1.428797107468295247e+00,-7.799028534566499360e+00,7.423889566425250219e-01,2.133540408704068803e+00,1.567407182180129421e+00,5.955788555634144110e+00,-8.960327555843622394e-01,8.350833149822708412e-01,-2.128141988439722354e+00,3.655958788156579153e+00,-3.016733492062301014e+00,-2.470507383589026773e-01,-5.888102222701782296e+00,-6.096263055134913955e-01,6.734190559712453172e+00,-4.842318172252007002e+00,-5.670377757043345568e-01,2.036353900137064521e+00,8.078368758124316873e-01,-1.035444893385266596e+01,-4.604700718129998371e+00,-1.948264949001671242e+00,6.050724064753234543e-01,-1.635685909755805856e+00,-3.966493850543166388e+00,4.241018568440138026e+00
-1.000000000000000000e+00,-4.354498500381237314e+00,3.465561589952335098e+00,-3.330964096998648150e-01,-3.187745748382053268e+00,5.361968844303648396e+00,-5.394867843093718029e-01,4.524126297326682145e-01,2.595305276838743680e+00,2.769878399495735444e-01,-2.389613704338180877e+00,-1.795929568557329770e+00,2.326586765326902562e+00,5.599375437141986822e-01,-1.502446209664574095e+00,-1.027143123101064148e+00,3.724833761172756663e-01,-3.593898932259389500e-01,4.622639838117394540e+00,3.717194987629379721e+00,-7.613906644856531791e+00,-1.722557361957786304e+00,-2.217392277075250773e-01,6.270529557997896575e+00,1.272050263492113142e+00,1.104657163045752455e-02,-1.018400731026303241e-01,8.662465745756455782e-01,-1.503644333795348453e+00,5.743392078847223026e+00,1.814508800309414971e+00,7.262445904472445424e-01,3.624019714844037843e+00,1.443508333149647438e+00,-1.042210400918713864e+00,-1.552854955427644956e+00,-5.115129126011741523e-01,-3.131420782691233029e+00,1.585447930783138171e+00,-1.734072612724136597e+00,3.064122434257879224e+00
-1.000000000000000000e+00,9.661912115259569944e-01,-5.468248725962228107e+00,4.769162234252893318e-01,2.641284213893739796e+00,-3.406945008205507008e+01,3.984373955331915185e-01,-2.074294012575782720e+00,-2.204708027838842010e-01,4.077967290519488586e-01,6.353423561677096210e-01,-6.829949636150053571e+00,-9.056597569852260499e-01,5.131943366155933717e+00,-4.030915829994073718e+00,-3.096566985025380525e+00,-4.104283309777359889e+00,-7.457794890396360010e+00,2.522084374922271000e+00,-3.377473015564030234e+00,6.113857550043825029e+00,2.032063690884701401e+00,7.785846842307913018e-01,8.957832744904189681e+00,2.297905874038090879e+00,-3.502637674704456749e+00,4.936956706090230185e+00,1.457734429762933992e+00,2.427131902758199455e-01,4.858605803958575109e+00,-2.468328577319801376e+00,3.345449518454469695e-01,-3.719598490459858908e-01,1.027198379696399044e+00,3.630136092130041181e+00,4.919186392420153098e+00,-7.460545024524339874e-01,1.720884161298857240e+00,1.194575379503477919e+00,-7.003468385903599547e-01,9.283165308962921358e+00
1.000000000000000000e+00,2.173182489067812639e+00,-5.625952488100751658e-01,-1.211646959794010270e+00,4.921393001452421423e+00,-2.287298015517007954e+00,1.632530100221734892e-01,1.876509763878979609e+00,-2.401254186186890571e+00,-3.329222474297683476e+00,7.893307002516074533e+00,-1.917695759145937817e+00,4.975519507121680007e+00,-3.270230427200771839e+00,6.370425435492381716e-01,-2.912987059232006182e+00,-2.234958399926637806e+00,-3.793382121107851113e+00,8.623509571242335525e+00,5.011638977005119511e-01,-1.973326765687962503e+00,4.499172929959557310e-01,-3.899592884626775779e-01,-4.512972049364402771e+00,-1.740244497634959586e+00,-7.336990782578628689e+00,-1.157330818757499102e+00,-3.483809083529950890e+00,-2.627615193763009671e+00,1.864203418688300973e+00,-2.940360366838565387e+00,2.184635005678959851e-01,5.075579325407399978e+00,-1.054136978600620500e-01,9.328636306896537889e+00,-3.981506051044248373e+00,-1.023519947725313406e+00,-7.600325523152342555e-01,2.505835444380346111e+00,6.540203329251482955e+00,-1.327867631876169074e+00
-1.000000000000000000e+00,3.214806189785865520e+00,1.184025626750946802e+00,-3.415196539359027783e-01,-8.408246182196773333e+00,1.411114667309333015e+01,6.326873970721689222e-01,6.446097124572498782e-02,5.670849682749015130e-01,-2.698030846132221328e+00,-1.410890310990114305e+00,-4.179764647044716952e-01,3.228330653015197615e+00,-4.563525448308226373e+00,-6.348061268865321516e+00,2.289868692451714427e+00,-2.274872177263052464e+00,-1.347968985091875460e+00,1.121998174403355364e+00,3.691470495517582329e+00,1.688677341843531465e+00,3.969303771175515250e-01,-6.081840737095549621e-01,3.878085916525380483e+00,-2.128304562718885684e+00,1.276276441120409721e-01,-8.783654422449551191e+00,-2.928702720200139442e+00,-4.385138254600479790e+00,3.896336664420688933e+00,-8.875452409006308052e-01,-1.310895989930803696e+00,2.767311597081703933e+00,2.552425863937233252e-01,-6.226018642410189319e-01,-2.954223471883807850e+00,-2.240131621949819518e+00,1.983060450058310664e+00,3.296404590409150792e+00,-3.572291696634539271e+00,7.444644699801284737e+00
-1.000000000000000000e+00,6.034643238044867353e+00,3.013581830522402250e+00,-5.770714011635623697e-01,-8.303312420913766090e+00,2.220975632834105085e+01,-3.432093189763027463e-01,5.948916295645784169e-01,-4.889275808922508126e+00,-4.200581788362335089e+00,1.653898765166157414e+00,-1.685450691769330600e+00,5.845335077692674908e-01,-9.298819004721591952e+00,1.601336584543444630e-01,1.432172838333294340e+00,8.662672128418424933e-01,-2.296840780046061958e+00,5.882411423741734424e+00,-3.159879152255957280e+00,3.336034459349921377e-01,4.623135910766106305e-01,5.803502618078517639e-01,1.350905916995637890e+00,1.850507184332381705e-01,-2.339232243244366849e-01,2.589992662491486186e+00,1.258291165291233416e+00,-5.200466600044949317e+00,1.779211815761764903e+00,3.993806363319368113e+00,1.739379346666449500e-01,1.495330347543836869e+00,-2.327375303149928909e-01,1.327958344080797204e+01,-2.533696186803446437e+00,-5.899253873147620730e-01,-1.670514661789624489e+00,5.389905724897263717e+00,3.514826777334030261e-01,-6.712620940528823965e-01
-1.000000000000000000e+00,4.996936666822433537e+00,-1.804795141069932995e+00,-1.729357669639326689e+00,-4.658504584595638320e+00,2.292021294443106072e+01,1.402279390270830817e+00,-3.471486119046723884e-01,-3.366523544278535063e+00,-8.132906261156108485e+00,1.705374130572300917e+00,5.912465006669284762e+00,4.435172107475557901e+00,9.187289506330293953e-01,1.115148906102554349e-01,2.298668862121211465e+00,-2.542584450405501073e+00,8.187553934521853982e-01,1.004014471222580340e+01,-8.587541409531476155e-01,4.930235364292294697e+00,-2.676786591447834152e+00,-1.446652225609468490e+00,1.517919946706286716e+00,-7.144937323823459252e-01,6.180032812098797734e+00,-7.731478257416450894e+00,2.470272102324594599e+00,-1.087125062490486016e+01,1.375944171007876804e-01,4.478223358256734343e-01,4.854805250023510044e-01,2.294008048960693991e+00,-7.735862990827789831e-01,2.073412279552665183e+01,-5.897426544152567729e+00,8.969615209275255685e-01,-5.937932369443705838e-01,9.068203636383726618e+00,-3.032696160828323606e+00,1.509516522668385319e+00
1.000000000000000000e+00,-2.300346932582711279e+00,-1.135950100349342851e+00,1.288953812382453989e-01,1.211337383516737809e+00,-1.451464327710164071e+01,4.795898719224011009e-01,1.167827168858008857e+00,-9.071194305668711877e+00,-3.845838057751316263e+00,9.785863958813370012e-01,5.230755605906697525e+00,-3.885979177218655600e+00,-1.867694523163790254e+00,-6.220269567028977598e-01,1.345614280946731078e+00,-4.125874413663574991e-01,-4.930393621746302912e-01,1.160180133908332412e+00,-2.652881630235255805e+00,3.180425145180083568e-01,1.359237398568479971e-01,-5.493318093576784467e-01,-1.492390325080406921e+00,-1.403035021821217754e+00,4.473850943755968146e-01,5.333718928090374511e+00,-1.068919370099167709e+00,7.052148532566927308e+00,-1.439655348474845109e+00,1.773873539073007599e+00,2.158747627885707843e+00,-6.658821856389676164e-01,2.165354222809877438e+00,-5.888262531158684254e+00,-3.206193547136355626e+00,1.964130618795803529e-01,-4.903355391651853523e+00,-6.952628407394987775e+00,5.244244084659193561e+00,1.677303908924164144e+00
1.000000000000000000e+00,-9.285213540042747127e+00,5.303870189382185352e+00,-6.380304428020574514e-01,-2.394798922177884926e+00,-1.935977697740438330e+01,-1.498439359647447455e+00,1.164444779679415509e+00,1.855453370274891434e+00,-3.316657566091816722e+00,-4.513003065367152900e+00,2.128715775223633422e+00,-5.531010973343130743e+00,-3.825908178091355971e+00,-1.835509661986074015e+00,-4.706635808897198459e+00,4.877497992426538254e+00,-3.064142837404630448e+00,-2.621531463557081221e+00,2.735488625434151722e+00,-8.652239934464960314e-01,-6.202023696246605766e-01,-1.449209853666178827e+00,2.579276763506040737e+00,-2.822140255380291229e+00,-3.293905813461339704e-01,4.024509977536689931e-01,-2.018316308922145641e-01,-1.656732145514476340e+00,-5.675794559703188913e-01,-4.589619651987593585e+00,2.015998029925603063e-01,2.281514939847331114e+00,5.573655211738647308e-01,-1.679874790813587815e+00,-3.786149376441031666e+00,1.191022869737529577e+00,-5.372181852730628648e-01,-7.461579710811842681e+00,1.978911759921224256e+00,-2.852791566939997026e+00
-1.000000000000000000e+00,-2.231333972361726481e+00,-2.203110240384119844e+00,2.458224294978768598e-01,7.144804970165927749e-01,9.027457162930504708e+00,-1.683450922985453846e-01,2.010104239232229695e+00,-1.278430160831243168e+00,6.591213575336054564e-01,-1.005441240438503669e+01,-4.548517706884558365e+00,2.150654894866294242e+00,2.108422083561257043e+00,3.868444384750508114e+00,-8.148055457100600307e-01,-2.090147533918042644e+00,-1.206726945543171503e+00,4.173686779199066166e+00,4.875624627942638512e-01,4.240911113973285573e+00,-6.995404946397791868e-01,2.541869161170164371e-01,-4.693301585931536124e+00,5.585746327673954958e-01,-4.153931315380976486e+00,-3.122700222535929271e+00,2.128593449005162785e+00,4.002327518874205126e+00,1.997108690906959305e+00,-1.746760524761071354e+00,1.888797916174262959e-01,5.403005551628542236e+00,-5.017194797121640182e-01,2.034728002733379881e+01,-4.913363126073697629e-01,-2.509883629447165365e+00,5.540949480672857419e+00,5.338213302441888075e+00,-3.683752174465572793e+00,-4.731084834830815211e+00
-1.000000000000000000e+00,-6.240397862642301785e-01,3.536200713236694604e-01,3.166816052482412380e-01,2.486236892655447228e+00,-1.924934241697810222e+01,2.598914041067680245e-02,-1.825391801430129579e+00,-1.060760988760170243e+01,-2.405151920876809513e+00,-1.087659532777946136e+00,-6.712156630617893249e+00,-2.621555255444939725e+00,-2.291721194932564210e+00,7.859933355829050505e+00,1.514497474565448920e+00,1.494263762051267097e+00,-6.419544542384842067e+00,3.769249687553188899e+00,-3.350737482330816253e+00,5.220403390282741807e-01,1.480041054415154544e+00,3.446921676081250441e-01,4.525446751324555095e+00,6.935781772007465484e-01,-9.063666686871161282e-01,-1.220724647196336221e-01,5.519175252969851897e+00,-4.478460027266089938e+00,3.978195773898589582e-01,1.341355046474971946e+00,1.097721970947882708e+00,2.572242602141731727e+00,9.138149228574228566e-02,2.162866001039327202e+01,-6.267927813592986119e-01,-4.955099024819406561e-01,-1.750070673653996600e+00,-1.012205294416816503e+00,-1.150790714614020605e-01,9.414258394446651579e+00
-1.000000000000000000e+00,-4.800226042550532313e+00,-2.388424159992707185e+00,1.295432475170679831e+00,-1.581551746263092362e+00,2.458818020239240454e+00,-4.919737183051224316e-01,-6.959451476354003852e-01,-1.188585809129296678e-01,-3.446274412925652619e+00,1.479063865088092289e+00,-3.094085740246562022e+00,-2.229706935051711802e-01,-1.594288659302964817e+00,5.436177637370757765e+00,5.512812794576616326e+00,2.467155366652567849e+00,-9.669222166991417566e+00,4.121475652208153484e+00,-6.748446170373656017e+00,1.213197412737874847e+00,3.538730176355263657e-01,1.966530483932944218e-01,9.838396151485500063e-01,-3.434057547047322245e+00,3.623714224043331100e+00,1.123300355416976704e+00,8.231818773311598836e-01,-5.855766808260489675e-01,1.083900121913135095e+01,8.959904624671515272e-01,-1.714917073880018183e-01,2.038734986712099850e+00,1.086069334789627971e+00,8.289717203785940569e+00,5.323482941160440074e-01,-1.625579553753757067e-01,3.989568801593024627e+00,-4.151206835850831389e-01,-1.922447898776590058e+00,5.562252166516059582e-01
1.000000000000000000e+00,-1.699975770118528295e+00,5.511345340740663179e-01,-1.660499296811147885e-01,1.486957712471109971e+00,-8.756751805589924942e+00,-1.136806817087985033e+00,-6.843915599795293847e-01,3.235098510542891326e+00,4.468882797948531049e+00,-3.277498350952168682e+00,7.697880880322720554e-01,-4.489167126012070241e+00,-3.593667461402927366e+00,-1.599011741863948899e+00,-3.616924655530340260e+00,7.731867814951108642e+00,-1.616774177508279564e+00,-1.020883062168210564e+00,-3.038374577683136124e-01,-1.043368040297449539e+01,-5.771068449242533482e-01,-6.838879986680799217e-01,-1.232811978846751977e+00,-1.050718774699242353e+00,-7.661522911056471763e+00,-6.299993447134496272e+00,1.625198888032811428e+00,-1.864190953486632996e+00,-2.170054344446126215e-01,1.765332390048457434e+00,-1.938436465619240989e+00,4.483674475107880752e+00,-4.509164880871064374e-01,-4.299961142741432596e+00,5.855582066997300217e-02,-9.817347041389299367e-01,-2.013495949666757490e+00,-6.596365978405431818e+00,3.499579961870497247e+00,-3.632730751131506342e+00
1.000000000000000000e+00,-4.326739848161242463e+00,-3.660116569293877298e+00,8.442756319595643433e-01,2.412495731730225579e+00,-9.994489559494903475e+00,1.033185152533971474e+00,-7.785081519456386046e-01,-9.218216483245800674e+00,-7.226021034277154698e-01,5.335817548373615438e+00,5.033210593423280699e+00,-1.149451257802951210e+00,-3.988873880253620996e+00,1.736171274272656717e+00,-2.214958999414740948e+00,9.449609364066955397e-01,-2.316667697505460310e+00,2.528464728880157608e+00,3.588021398975391740e+00,-2.284571642270000424e+00,5.334838623556422688e-01,6.045568375523657778e-01,2.442777615332014651e+00,-8.273973243182566328e-01,3.182057228233845514e-01,2.323395505263538219e+00,-1.980127123025340330e+00,3.519447356134686622e+00,-2.358034340177143307e+00,-1.027201919463256452e-01,6.757852176671858002e-01,3.937273426894642547e+00,-5.409320317204597828e-01,6.368931814445626394e+00,2.153395418235069414e+00,2.438046991655799245e-01,-8.382743594848993673e-01,-4.299239823846152220e+00,2.953664211602909706e+00,-7.213386444351921334e+00
1.000000000000000000e+00,-4.093484401120640825e+00,8.634697206080325316e+00,-9.095142823847380820e-01,-1.835727822112119823e+00,1.757140003324604294e+01,7.262518078767733476e-01,9.499312739170461262e-01,1.684092786676132825e+00,3.670622797470646681e+00,-5.407201115004312442e+00,3.963561086538095246e+00,-4.985388856769441546e-01,-6.174371927842765118e+00,2.281697605699768872e+00,-6.535059564710901103e-01,4.280603236450330584e+00,-2.101710022582881976e+00,1.934784090380464505e+00,2.373429997968048433e+00,-1.701221278147040383e+00,4.376621919467995614e-01,-6.400596865510271849e-01,-7.301838121691344163e-01,3.653406267115064665e+00,-1.010350360222282085e+00,-4.626151414907663906e+00,1.977214210496681002e+00,9.178721144992952219e+00,9.058005741754091567e-01,2.291075955414909160e+00,-7.662251076124817484e-01,5.146601913477029555e+00,3.196819703870890095e-01,4.312372002512356417e+00,-3.542462103993606615e+00,1.207042399331410554e+00,-2.019540301017792583e+00,-2.415543729162302089e+00,-5.901974227442279286e-01,1.109428042061407993e+00
1.000000000000000000e+00,2.699523910648632619e+00,1.256336698435994936e+00,-1.505203546950343030e-01,5.366558386309666417e+00,1.683557367822395179e+00,2.893382997324721595e-01,6.883536686376636737e-01,2.724724958495060356e+00,-2.302425314503451226e+00,5.453511970437777023e+00,2.478371441869609004e-01,-4.013978601327523599e+00,-7.779244326228581308e+00,3.409675510756038364e-02,-3.823117138334802600e+00,-6.903552311066751379e+00,6.618694627710985934e+00,1.376353717747697658e+00,9.194176323904780901e+00,7.075368513942540183e+00,6.172148276726683314e-01,-4.865316303080095550e-01,-8.996262963802088564e-01,6.870213223727125396e+00,-4.084626099477661754e-01,2.966240914620035696e+00,-4.324295243444842285e+00,-5.462568840421442751e+00,-1.350082262637109842e+00,-5.903922312117890314e+00,1.406941632119114161e+00,-7.111071891195428485e-01,-2.105611367146889457e+00,-1.344679970146396819e+01,-5.285862663185412202e+00,-3.879738330374778443e-01,1.903301019266824934e+00,4.841059734640433820e-01,-6.409681408221083565e+00,-1.852892390376279508e-01
-1.000000000000000000e+00,-2.592799973307799544e+00,-9.094631058660871403e-01,-7.845790784263333428e-01,-1.030561862352113778e+00,5.239489592975653531e-01,-1.117068587323619466e+00,1.457864325571801012e-01,-1.096601855416626137e+00,-2.912885107010144026e+00,-1.047359151116954878e+00,-1.557823068598087168e+00,-7.975403146860823966e+00,-1.642398502087686119e+00,3.052608889157722771e+00,1.562662177119673146e+00,-1.263115441107360626e+00,2.108115511221059890e+00,1.200373868551662504e+00,-1.445402137226067474e+00,1.797767906778898306e+00,-8.057163427108460230e-01,-8.507339999940135566e-01,2.641738124028583101e-01,-3.071079041310106561e+00,1.242795784425322125e+00,-1.282115931974987966e+00,5.098261056031991423e+00,-1.931602147000873071e+00,8.413387632130667981e+00,-4.835699088580824867e-01,7.239493998376924644e-01,2.749674717741320773e+00,-4.221256370478692482e-02,3.429612117745494682e-01,1.724245256290255490e+00,6.673321594889368713e-01,3.132080918161518568e+00,-4.021697183630412731e-01,-3.350703514317629583e+00,-1.490308490855539070e+00
-1.000000000000000000e+00,3.317775515184407276e+00,1.798347748920727796e+00,-3.165784531438726179e-01,-2.473270252663768431e-01,-7.498970278973729364e+00,-1.701378242446480282e+00,2.411560604659816198e-01,-6.171117582458180095e+00,-3.404231199782834061e+00,-5.305664073395798042e+00,-2.948346128116657194e+00,-1.710292695955791142e+00,-1.463498196255112571e+00,4.086563976993398128e+00,1.480815249886890506e+00,6.570943077940483157e+00,-2.352443629862193575e+00,6.151499034670284694e+00,1.487125290417043111e+00,-2.741410959583778784e-01,6.152660310753235162e-01,2.101839764949805289e+00,5.916860188424362121e+00,3.951496920384786726e+00,2.938829024189923977e-01,2.207695273362945798e+00,-1.398557202444243641e+00,-2.626817632219204945e+00,-4.341739406418266611e+00,-2.736385093652046407e+00,1.357131551757972288e+00,8.131596309351358798e+00,1.056769731276860247e+00,1.869316740635496998e+01,-4.164797405032820699e+00,-2.295228418748858079e+00,-4.049806909904267727e+00,1.065296329143782916e+00,-6.631905464020242391e+00,4.325107838556029094e+00
-1.000000000000000000e+00,1.819585977148801437e+00,7.404453478930472343e+00,-8.151874150752162762e-02,-3.981944844740017864e+00,9.843190978329227292e+00,-4.244713649910148434e-01,4.227279105594660136e-01,-1.843805588366088211e+00,2.114567956362126466e+00,-2.060257725249051042e+00,-6.208941231613312794e+00,-5.397277787025167584e-02,-7.861944049440062976e+00,-3.637799466944475313e+00,2.403429455141727900e+00,3.146760966145733640e+00,7.774979663285788156e-01,1.349239756074768426e+00,2.306096044307503146e+00,8.804224988743940550e-01,1.436726081101125652e-01,-8.860264825306929382e-01,-1.727254642401211626e+00,-8.018829678388015303e-01,-5.018620190006206627e+00,2.649670952049065775e-02,-3.996300453418392795e+00,-3.182725714458842781e+00,5.943587379487812683e+00,2.830357902202340181e+00,-2.021167846253479339e-01,6.363847655094860833e-01,2.024595876200220926e-02,-8.565034610329380627e+00,-1.216084178486525058e+00,-1.937944957812278046e+00,-1.219165215230220367e+00,2.139146524920879866e+00,3.006463144875283433e+00,2.805439123209858554e+00
-1.000000000000000000e+00,-1.599576585118592131e+00,4.372686604819295830e+00,-7.480503541523967348e-01,-3.039408590188043213e+00,-1.223429563841852641e+01,2.272157945869973883e+00,1.132532986628498994e+00,-9.661071859494498870e-01,-3.244096299344329193e+00,3.926921930883784384e-01,-7.335102870717046031e+00,-7.420489438932045267e-01,-3.432521956452000644e+00,-3.056453897597319891e-01,-1.349526829351290313e+00,9.076182958747761376e+00,-3.401672366535447800e+00,3.543906530321233816e+00,3.706906826028219193e+00,-2.135912921966170330e+00,1.049921137736133492e+00,3.013024866319475414e+00,1.004168017662426138e+00,-6.140835701529406165e+00,-2.530624171924360510e+00,5.865261801044092671e-01,-5.042371452545236110e+00,4.986066768830978546e+00,2.725979209116025981e+00,-2.650147047056550242e-01,-6.200990455671790968e-01,1.458709824417543377e+00,-1.136356242945182338e+00,1.884125028090954501e+00,2.131030841551244670e+00,1.115752119518905960e+00,-4.083137025644671958e-01,1.124675972457131579e+00,3.557494320074620298e+00,4.325183268423007377e+00
1.000000000000000000e+00,-5.614331093130893180e-01,3.396271644790250122e+00,-1.902652165794332273e+00,-4.625904730340899107e+00,-1.230355421916402348e+00,4.725159133797171007e-01,-8.233733556785076679e-01,-5.367220605625835361e+00,-3.991109377393315061e+00,-3.901466955899851374e+00,1.078395544458941924e+00,-1.364944732832507945e+00,-6.901760620317554107e-02,-6.376064237335774543e-01,-4.227192367234453130e+00,-1.789614512363853827e+00,-2.567463396204015869e+00,-3.292794295972322427e+00,8.459891730448112490e-01,-1.184545054238880013e+00,8.613504884705264208e-01,9.380114374576261627e-01,1.163752503413456596e+00,2.092891288130411365e+00,7.948128894488180052e-01,-2.491313886650410314e-01,-3.958242235445258217e+00,3.174558091585931052e+00,-4.450274708568041859e+00,-4.653482496398643420e+00,8.823500356404878620e-01,3.889798323160873039e+00,-1.747767216950366909e-01,1.629061746873338734e+01,1.984007125966825935e+00,1.052357144639524344e+00,-3.851445439599969767e+00,-3.557078930452123977e+00,-8.470745751458030881e-01,-4.629609156409597581e+00
1.000000000000000000e+00,-6.716352768555957198e+00,2.399646192388152688e+00,6.382268095938763430e-01,-2.373169292714553791e+00,-2.966285757114627941e+00,-2.240776135958580384e-01,1.445544101849063123e+00,-6.275785838006661344e+00,-1.057122270887326465e+00,-4.455285364671825121e+00,2.076600266791674088e+00,1.383288656557669860e+00,-8.306458288235534226e-01,-4.639528202633691478e+00,-1.570632774602338300e+00,-1.073035640605478847e+00,5.456710004870227948e+00,-3.283034294307503043e-01,3.684608801319430249e+00,1.741488549436153832e+00,-3.596086644056361026e-01,-3.297278297080515896e-01,-7.433190511540299639e-01,1.831999789602358319e+00,-3.719179798046667429e+00,-8.074298182138026636e-01,-5.170712206406195222e+00,7.615876380893269904e+00,-4.645016093774263055e+00,-2.746799242858597889e+00,-2.568825347786923285e-01,5.036543424798841428e+00,2.016313067722168284e-01,-1.341869289420425160e+00,-2.895185973500444376e+00,1.290812040705230368e-02,-2.581853825252148127e+00,2.418606953155184591e-01,9.754228433950127286e-01,1.485479140250528740e+00
-1.000000000000000000e+00,-7.068682978648505255e+00,-2.406264902418950413e+00,5.652215367071590224e-01,2.087056763100857193e+00,8.375568731759933883e+00,-9.450246177385329682e-01,1.063130110937400508e+00,3.840174456231186362e+00,-5.488337783186429952e-01,-3.482801830374614660e+00,-6.807001424205749274e+00,-1.389903140098812662e+00,-3.767599046902819104e+00,5.037225208782297514e+00,1.833418451829509799e+00,2.487795559083405550e-03,-5.238564478831600368e+00,-1.040697228089226378e+00,-1.785964792444122207e+00,-2.030642226161277542e+00,1.647376563992381804e-01,-1.672081354976071577e+00,-2.493204082276248457e+00,-5.289038927421305658e-01,3.688588821437482679e+00,-6.510320690813040656e-01,4.584540852501596930e+00,8.449523349113332582e-01,7.126744189980324329e+00,4.426342661131021927e-01,-3.326479539054918444e-01,1.233623259171447994e-01,-5.729395155958405539e-01,3.111275282481773541e+00,-3.510010441997169828e+00,-9.763046187838190226e-01,6.894053363972496129e+00,1.826589502311605440e+00,-1.969461575103193418e+00,-4.798368377721632605e+00
-1.000000000000000000e+00,-2.683416102464253328e-03,3.316834894960449809e+00,6.894096161612558449e-01,-1.377734865528274621e+00,1.351481304426040886e+01,4.305660528569854595e-01,-1.864418381405577863e-01,-1.524835212437973375e+00,-2.705301536006477825e+00,8.532412153748611949e-01,-2.456893339747325822e-01,2.631129580272819624e+00,-3.860298044034084608e+00,-5.453975802397494910e-01,-1.816685243895874713e+00,1.312201087182180315e+00,-1.681748157196712556e+00,6.615128225606563994e+00,-7.484014793441659208e+00,-4.403546429161794507e+00,-2.448906162612433102e-01,-2.489940980208663057e-01,3.883283605749924483e+00,6.516873204954420906e+00,3.393666801860871551e+00,2.472124655861313691e+00,5.528822730255442686e-01,-3.882874680232947462e+00,3.472605069969107117e+00,1.396768851839260694e-01,1.079216599751299022e+00,2.111858111436718310e+00,-1.003105589886842258e-01,6.314795879986453642e+00,-5.812564578289249440e+00,2.129498527500518767e-01,-2.119381582476816739e+00,1.667709120275733925e+00,-4.122084890633498588e+00,-9.795074639102780978e-01
-1.000000000000000000e+00,-3.765541037693334481e+00,3.453449481394526011e-01,-4.640279965521537653e-02,2.548614636852455817e+00,2.273684207132121049e+00,-6.462419176836549095e-01,1.033561903995619202e+00,-6.413904462525919392e+00,-7.335320857232137115e-01,-2.698919181505785581e-01,-2.215997416188339564e+00,1.680072704450482846e+00,-1.434262026377828736e+00,3.665828730724844498e+00,-1.882545930684369040e+00,-6.111694008467234873e+00,3.669950089035804552e+00,-9.811468374293914607e-01,-7.881296749513853506e+00,-1.737111222522992549e+00,-1.068628281052818180e-01,2.215574456798093950e-01,7.862173867657415993e-01,-1.871859200011946500e+00,1.347011097364014809e-01,-4.909648529477076195e+00,-6.401432777657030115e-01,2.132516756313935780e-01,-1.564570692098517402e+00,-1.865580499593497477e+00,-8.144839155460217306e-01,4.161403831746389059e+00,-7.417546219351653369e-02,1.898155107725494517e+01,4.475115187865400301e+00,-2.755055167252135062e-02,1.712168243843243731e+00,-8.914395843145688225e-01,-3.079099376138112909e+00,-3.345266704562721571e-02
-1.000000000000000000e+00,4.982880979306625768e+00,3.629557115237521447e+00,1.626858470735448980e+00,-4.906218634766887909e+00,-7.769719623273058096e-01,4.621123340900626930e-01,1.903890520033901801e+00,-3.313495088835337832e+00,-5.333853284812628104e+00,-6.568285957956170318e-01,-2.378179961193765735e+00,1.700142065070839426e+00,-8.961175640447208934e+00,-5.657066860153624255e+00,-3.263118102148981237e+00,6.978958382966392371e+00,-2.314513320466773827e+00,3.518625287275957803e+00,9.552412924865452126e-01,1.787240837710188490e+00,1.018815487113557683e-01,1.177244178819300879e+00,1.326255858660358999e+00,-1.255490140789436992e+00,-1.959127562508468978e+00,-5.596743559336749829e-01,-2.551302258277882373e+00,-2.074957094451232109e+00,1.060510441418241578e+00,-2.317286207665385511e+00,-1.383939075903130922e+00,2.322341803965189300e+00,2.225705705430470527e+00,4.584282378165126737e+00,-5.749420797045056375e+00,-2.856565882042916282e-01,-4.818971091114361283e-01,1.810187625460970340e+00,-2.438570697386231334e+00,4.363074864711161460e+00
1.000000000000000000e+00,-4.553369316074475037e+00,-1.107685934145962392e+00,-7.684996884314533316e-01,-5.666179115395799215e+00,3.546714269783614704e+00,8.858954258311192431e-01,-1.528399848610834666e-01,9.080937294263748960e-01,-8.308383461382771173e+00,-2.219321111934361213e+00,3.307254751613347477e+00,-6.284455676988244477e+00,-4.027731407091442506e+00,5.079029970894378465e+00,-3.275613167900690570e+00,-3.028229529168098288e-01,-3.033174317479724991e+00,-1.783142031306448994e+00,-2.407210452071195661e-02,7.261915261562115198e-01,-7.138563002188818007e-01,-7.387314872080719130e-01,6.739275157492964574e+00,2.978733345207398742e+00,-2.698820777962528172e+00,-5.743117586356531135e+00,-4.619942915738125322e+00,-5.138743358856343590e-01,1.644734062934564367e+00,-4.805030867304967757e+00,4.504295723423981102e-01,3.929649101447521442e+00,1.004870576497655321e+00,8.570727829266340692e+00,-4.337315925651835435e+00,-2.567728842771082112e-02,-2.490756793572997285e+00,1.006344564183748957e+00,-3.717128579341526518e-01,-1.429837477009278324e+00
1.000000000000000000e+00,3.129854142802070527e+00,-1.858666903715519902e+00,4.728623040361923935e-01,2.278684531465948737e+00,9.460002743145620174e-01,7.798350116903427498e-01,1.643955958485320057e+00,7.497885660561038890e-01,-5.570921034001631966e+00,6.093688252308608000e+00,3.274485498433867825e+00,-8.890241800463454247e-01,-1.148653918652926542e+00,3.938939449859610420e+00,-1.172407107047765518e+00,-3.652649864202205610e+00,2.830337829484243617e+00,2.476790673579956970e+00,7.539713283299610325e+00,4.596881883394764223e+00,-9.491173098211810322e-01,-9.074591428158325090e-01,-1.860862436169859135e+00,2.900264632388481534e+00,-2.170843428698521649e+00,-1.548812086060652682e+00,-1.406616412599185129e+00,-6.948877980039158686e-01,5.538659702370882787e-01,-4.343628263383058297e+00,-2.477500853777869494e-01,6.153584630710355885e-01,-9.268348606931859912e-01,-3.893660827073052833e+00,-2.705687931143131664e+00,-1.618776243570393847e+00,1.025682922867989344e+00,-2.004150206358060515e+00,-1.880480650925943520e+00,3.037104104081477907e+00
-1.000000000000000000e+00,-6.381694531585928587e+00,-1.469329346450749973e+00,-3.367492395267726035e-01,-1.075076044979863532e+00,-2.482771840869886049e+01,1.402831513019484055e-01,-7.082352485272567222e-01,-1.509257225104927436e-01,2.018579856831929309e+00,-2.859339257742638196e+00,-3.565537144071794451e+00,-4.538467728447231231e+00,4.861516096103315476e+00,-1.968346252719936906e-01,-1.880035563609010918e+00,-1.927875740707798435e+00,-3.134446263211396300e+00,-1.837273964175174967e+00,2.597118237996823176e+00,3.060329324569661669e+00,-5.698578163366480043e-01,6.616604715600205022e-01,9.335614125375446548e-02,-4.088170184599807300e+00,-5.017024999961128273e-02,-5.634733501617293250e+00,5.969553744064343803e+00,-7.861198118250438682e-01,1.901983962577334708e+00,-6.680919061420529381e+00,9.576058946096394076e-01,2.090888309308911008e+00,5.359481188749524172e-01,-1.718418111613042809e+00,-4.276201352833247427e+00,4.122082803465802470e-01,2.704065113838072687e+00,3.952051491635605540e+00,-2.659032311394390113e+00,9.794900581687823404e+00
1.000000000000000000e+00,-6.176935932447977784e+00,4.640320891654853064e+00,1.549747865102515942e-01,4.533123932211178264e-01,-2.187540603285699348e+01,-5.482302118590558493e-01,1.126052630026087797e+00,-5.709208536345007357e-01,-4.581212274159682352e+00,-9.510130050144308456e+00,-4.678308496675382067e+00,1.060274960693558643e+00,1.269415698839159390e+00,-4.854610509164396959e+00,9.066043959048055711e-01,1.553299280375665559e+00,1.831895826425792517e+00,-3.175722146134252633e+00,4.814493494725090805e+00,-1.737911671480848685e+00,3.722536909012328921e-01,1.051513189579092344e+00,1.650970628869727896e+00,-4.756742634999451269e-01,-7.920132930419499395e+00,-1.239618262417039540e+00,1.538670324612094298e+00,6.351725872003806117e+00,-9.746762924538556749e-01,-3.855710174499324516e+00,-8.499610982877248144e-01,-1.564138369003475137e+00,1.967531553988893345e+00,-4.280892142315304127e+00,-5.290083440552198368e+00,4.612704462135546746e-01,-5.209419456792377723e+00,-1.614512881455649307e+00,4.581698505443575264e+00,1.493722668404403819e+00
1.000000000000000000e+00,-3.174108873298986389e-01,4.821187307067869021e-01,9.583263908040981494e-02,2.324809699798630280e+00,1.745272026882823724e+01,-1.826002064539220537e+00,-3.027423841213695566e-01,-1.916518624178898067e+00,-2.588145345060955727e+00,2.877375647832340455e+00,3.357495175180544855e+00,3.629874788904715377e+00,-3.429786988968538175e+00,-1.356287964734263163e+00,-4.712296078124611043e+00,-1.647665664256409146e+00,5.025997199151827743e+00,3.875350583853225839e+00,5.744097107823519899e+00,3.243126494848483699e+00,-4.020203539263970949e-02,5.322738447567010311e-01,-2.609357275791523989e-01,7.691995197348698632e+00,1.206206682026413901e-01,-2.490136531017088650e-01,2.897012190501073725e-01,-3.350599258085322774e-01,7.514208279596996221e+00,-1.507949271429778193e+00,2.924139639387797751e-01,5.224461650153472192e+00,-4.543879801569493115e-01,1.067422365209731794e+01,2.283848841177739786e+00,-1.748993747453006786e-01,-8.023767370311352565e+00,2.461139077289308030e+00,3.284650787612810596e+00,3.701775868386228296e+00
-1.000000000000000000e+00,-2.327662512062345535e+00,1.341099747791888674e+00,1.787080062617157905e+00,-9.236007037913019246e+00,-8.549999478923036023e+00,1.058484508631316823e+00,8.291343143423660078e-02,-9.274193221614670524e-01,-1.115267510848677812e+00,-1.899817758833393766e+00,-4.054683935152084473e+00,4.991378135140056571e-02,-7.915886556360796966e+00,2.941620592164836623e+00,-4.017404999916067254e+00,6.128317673118263365e+00,-1.616481604947490158e+00,8.988883178201822588e+00,-3.006200921236071189e+00,-3.035698900239116149e+00,-8.698299075623974197e-01,3.879722658962986293e-01,9.615614271654369105e+00,-3.603354861887503979e+00,-1.330673938517449528e+00,7.615116656848703869e-01,-3.134191785826518029e+00,2.638608612185547209e+00,-6.317529776679644549e-01,-5.470656836122372191e+00,1.123083526783849040e+00,-1.708982643952354774e+00,-3.603475903826786619e-01,1.330696524439595940e+01,-3.044657467394713546e-01,1.030859037452662719e+00,-5.695176721026291133e+00,4.485614764210248850e+00,-2.613254477133402531e+00,6.379101883798270478e+00
1.000000000000000000e+00,-3.608270801518532522e+00,4.185752099471547361e+00,1.224962736662306373e+00,-8.248560036824736930e-01,-3.405226554167768982e-01,7.897672124432656426e-01,-1.493169672213301880e+00,-1.228709628889717020e-01,2.627813692485011288e+00,-4.222687794577203668e+00,3.903335077400119424e+00,-1.434209336386141675e+00,-1.221393565627784117e+00,4.399551391975287551e+00,1.207610058993096036e+00,1.759536269717921098e+00,-1.196003771470141253e+00,-5.054803518709848120e+00,4.595861518258477219e+00,3.262453715546279831e+00,1.579845251747524548e+00,1.571410391395426931e+00,-3.553910234100809085e+00,-2.460238913453234311e+00,-1.073867427306577582e+01,-4.788693524664176415e+00,3.633555979576782669e+00,6.518508776521929171e+00,1.514040161253647376e+00,4.257204946659061129e-01,1.658024041323775455e+00,2.360544550129634711e+00,-4.679291622221810054e-01,-3.112233982041458624e+00,-3.583139818207249583e+00,-1.237233177763494840e+00,8.999378319344986110e-01,-2.330148648488560514e+00,9.363287398363426828e-01,-3.332157424898056775e+00
1.000000000000000000e+00,-5.301478449787500935e+00,-4.235448605251131760e+00,1.755043874994220321e+00,-4.037923764087040013e+00,5.527075079102749200e+00,-4.694037852764109120e-01,-7.918132803931670072e-01,-1.618715517725915154e+00,-7.730480425083774421e-02,-1.494984467308433818e+00,3.537085707093174491e+00,-3.669582476660080417e-01,-2.726078273740725422e+00,7.031570901211289915e+00,-2.487633664081648099e+00,2.791890627215253939e+00,-5.406786383603988000e+00,-3.371351302691322438e+00,1.024053645634532472e+01,8.853708060010947456e-01,-4.319327193340246618e-01,-1.335712524593203998e+00,1.540538720323514355e-02,1.536137021038620265e+00,-5.455069096325784628e+00,-9.999847298912840188e+00,1.865255955502931773e+00,-2.011630631700222160e+00,-4.661234087095038170e+00,-5.447683348398681957e+00,3.337668519689715452e-01,4.595588042267658935e+00,-1.734201428363245201e+00,2.422555100850866339e+01,7.864121965428396699e-01,9.831622234559669327e-01,-2.278684188455204485e+00,7.057710520911463448e+00,2.274517166969479476e+00,-5.922188766957409811e+00
